,KYTJ820101,GRAR740102,JANJ780101,HOPT810101,CHOC760101,LEVM760105,ARGP820103,ZIMJ680104,CHAM830107
A,1.8,8.1,27.8,-0.5,115,0.77,1.56,6,0
R,-4.5,10.5,94.7,3,225,2.38,0.45,10.76,0
N,-3.5,11.6,60.1,0.2,160,1.45,0.27,5.41,1
D,-3.5,13,60.6,3,150,1.43,0.14,2.77,1
C,2.5,5.5,15.5,-1,135,1.22,1.23,5.05,0
Q,-3.5,10.5,68.7,0.2,180,1.75,0.51,5.65,0
E,-3.5,12.3,68.2,3,190,1.77,0.23,3.22,1
G,-0.4,9,24.5,0,75,0.58,0.62,5.97,1
H,-3.2,10.4,50.7,-0.5,195,1.78,0.29,7.59,0
I,4.5,5.2,22.8,-1.8,175,1.56,1.67,6.02,0
L,3.8,4.9,27.6,-1.8,170,1.54,2.93,5.98,0
K,-3.9,11.3,103,3,200,2.08,0.15,9.74,0
M,1.9,5.7,33.5,-1.3,185,1.8,2.96,5.74,0
F,2.8,5.2,25.5,-2.5,210,1.9,2.03,5.48,0
P,-1.6,8,51.5,0,145,1.25,0.76,6.3,0
S,-0.8,9.2,42,0.3,115,1.08,0.81,5.68,0
T,-0.7,8.6,45,-0.4,140,1.24,0.91,5.66,0
W,-0.9,5.4,34.7,-3.4,255,2.21,1.08,5.89,0
Y,-1.3,6.2,55.2,-2.3,230,2.13,0.68,5.66,0
V,4.2,5.9,23.7,-1.5,155,1.29,1.14,5.96,0
